,Name,Location,Census Division,Region,Type,Kind,Summary
0,Adelaide Hunter Hoodless Homestead,St. George,County of Brant,Golden Horseshoe,Museum,Historic house,"mid-19th century childhood farm home of Adelaide Hunter Hoodless, founder of the Women's Institute"
1,Agnes Etherington Art Centre,Kingston,Frontenac County,Eastern,Museum,Art,"Operated by Queen's University, includes Canadian, European, Inuit and African art, decorative arts"
2,Algonquin Provincial Park,Whitney,Nipissing District,Northeastern,Museum,Multiple,"Includes the visitor center with exhibits about the area's natural and cultural history, and a logging museum"
3,Alix Art Gallery,Sarnia,Lambton County,Southwestern,Museum,Art,"includes paintings by the Group of Seven, contemporary and historically significant Canadian visual art and visual culture"
4,Allan Macpherson House,Napanee,Lennox and Addington County,Eastern,Museum,Historic house,"c.1830 period house, Georgian architecture built by Napanee's first postmaster and a prominent local figure, operated by the Lennox and Addington Historical Society"
5,Ameliasburgh Historical Museum,Ameliasburgh,Prince Edward County,Central,Museum,Open air,Open air
6,Anderson Farm Museum,Lively,Greater Sudbury,Northeastern,Museum,Agriculture,"Operated by Greater Sudbury Heritage Museums, historic 1920s period farmhouse, barn and milk house"
7,Annandale National Historic Site,Tillsonburg,Oxford,Southwestern,Museum,Historic house,1880s Victorian house known for its lavish Aesthetic art decorations
8,Arbor Gallery,Vankleek Hill,Prescott and Russell,Eastern,Museum,Art,contemporary art centre
9,Arkona Lions Museum,Arkona,Lambton County,Southwestern,Museum,Natural history,area Devonian fossils and First Nations artifacts
10,Arnprior & District Museum,Arnprior,Renfrew County,Eastern,Museum,Local history,Local history
11,Art Gallery of Algoma,Sault Ste. Marie,Algoma District,Northeastern,Museum,Art,Visual art
12,Art Gallery of Hamilton,Hamilton,Hamilton,Golden Horseshoe,Museum,Art,Includes Canadian and European works
13,Art Gallery of Mississauga,Mississauga,Peel Region,Golden Horseshoe,Museum,Art,Emphasis on area artists and Canadian art
14,Art Gallery of Northumberland,Cobourg,Northumberland,Central,Museum,Art,Art
15,Art Gallery of Peterborough,Peterborough,Peterborough County,Central,Museum,Art,Focus is Canadian art
16,Art Gallery of Sudbury,Sudbury,Greater Sudbury,Northeastern,Museum,Art,Contemporary art
17,Art Gallery of Windsor,Windsor,Essex County,Southwestern,Museum,Art,"Significant works of art by local, regional and national artists"
18,Artcite,Windsor,Essex County,Southwestern,Museum,Art,artist-run contemporary and experimental art centre
19,Artery Gallery,Kitchener,Waterloo Region,Golden Horseshoe,Museum,Art,curated and managed by the student Society of Fine Artists of the University of Waterloo
20,Artspace Peterborough,Peterborough,Peterborough County,Central,Museum,Art,artist-run contemporary art centre
21,Arthur Child Heritage Museum,Gananoque,Leeds and Grenville,Eastern,Museum,Multiple,"Area cultural and natural history, including 1000 Islands ecosystem, First Nations and early settlers, military and tourism exhibits, impact of the St. Lawrence River"
22,Assiginack Museum Complex,Assiginack,Manitoulin District,Northeastern,Museum,Open air,"includes the original late 19th-century town lock-up and jailer's home, pioneer home, school, blacksmith shop and driving shed, and the SS Norisle, a steam-powered automobile ferry museum ship"
23,Atikokan Centennial Museum,Atikokan,Rainy River District,Northwestern,Museum,Local history,"includes collection of logging, mining and railroad heavy equipment"
24,Atrium Gallery,Ottawa,Ottawa,Eastern,Museum,Art,"works of local and regional artists, owned and operated by the City of Ottawa"
25,Aurora Museum & Archives,Aurora,York Region,Golden Horseshoe,Museum,Local history, History and stories of the Town of Aurora
26,Aylmer & District Museum,Aylmer,Elgin County,Southwestern,Museum,Local history,Local history
27,Backus Mill Heritage and Conservation Centre,Port Rowan,Norfolk County,Southwestern,Museum,Open air,"Includes 19th century period buildings, a working historic grist mill and a nature centre"
28,Backus-Page House Museum,Wallacetown,Elgin County,Southwestern,Museum,Historic house,"Operated by the Tyrconnell Heritage Society, mid-19th century period house"
29,Bala's Museum,Bala,Muskoka,Central,Museum,Biographical,"Life of author Lucy Maud Montgomery, author of Anne of Green Gables"
30,Ball's Falls Centre for Conservation,Ball's Falls,Niagara Region,Golden Horseshoe,Museum,Natural history,"Ecology of the Niagara Escarpment Biosphere Reserve, the natural history of the Twenty Valley and its watershed, and the area's cultural history"
31,Bancroft Mineral Museum,Bancroft,Hastings County,Central,Museum,Natural history,"area gems and minerals, operated by the Bancroft Gem and Mineral Club"
32,Banting House National Historic Site,London,Middlesex County,Southwestern,Museum,Medical,"Life of Sir Frederick Banting, doctor and co-discoverer of insulin"
33,Barn Dance Historical Society Entertainment Museum,Wingham,Huron,Southwestern,Museum,Music,"located inside the North Huron Museum, history of the barn dance radio show and its country music performers, information"
34,Barnum House,Grafton,Northumberland,Central,Museum,Historic house,"19th century period house, operated by Ontario Heritage Trust"
35,Base Borden Military Museum,Borden,Simcoe County,Central,Museum,Military,"History of CFB Borden, includes planes, tanks, uniforms, weapons"
36,Bath Museum,Bath,Lennox and Addington County,Eastern,Museum,Local history,Local history
37,Battle Ground Hotel Museum,Niagara Falls,Niagara Region,Golden Horseshoe,Museum,Historic house,1850s period hotel on land that was part of the Battle of Lundy's Lane during the War of 1812
38,Battle of the Windmill National Historic Site,Prescott,Leeds and Grenville,Eastern,Museum,Military,"60 foot stone lighthouse tower, site of the 1838 Battle of the Windmill"
39,Battlefield House,Hamilton,Hamilton,Golden Horseshoe,Museum,Historic house,1835 period house in park that was the site of the War of 1812 Battle of Stoney Creek
40,Beachville and District Museum,Beachville,Oxford County,Southwestern,Museum,Local history,"includes Victorian period room displays, agriculture equipment and vehicles"
41,Beaver River Museum,Beaverton,Durham Region,Central,Museum,History,"operated by the Beaverton Thorah Eldon Historical Society, includes mid-19th century log cabin, 1900 period house and a jail"
42,Bell Homestead National Historic Site,Brantford,County of Brant,Golden Horseshoe,Museum,Historic house,"1870s period home of Alexander Graham Bell, exhibits on his life, the invention of the telephone, and the origins of Canadian telephone operations to 1880"
43,Belleville Scout-Guide Museum,Belleville,Hastings County,Central,Museum,Scouting,open by appointment
44,Bellevue House National Historic Site,Kingston,Frontenac County,Eastern,Museum,Historic house,Late 1840s period home of Canada's first Prime Minister Sir John Alexander Macdonald
45,Benares Historic House,Mississauga,Peel Region,Golden Horseshoe,Museum,Historic house,early 20th century period house spanning four family generations
46,Bethune Memorial House National Historic Site,Gravenhurst,Muskoka,Central,Museum,Biographical,Life and achievements of Dr. Henry Norman Bethune
47,Bethune-Thompson House,Williamstown,"Stormont, Dundas and Glengarry",Eastern,Museum,Historic house,"late 18th-century house, operated by Ontario Heritage Trust"
48,Billings Estate National Historic Site,Ottawa,Ottawa,Eastern,Museum,Historic house,"1828 home of early settler, costumed guides discuss city and region's history"
49,Billy Bishop Home and Museum,Owen Sound,Grey County,Southwestern,Museum,Biographical,"Late Victorian birthplace home of WW I flying ace Billy Bishop, also features artifacts from Canadians who fought in the air during World War One and World War Two"
50,Blackwood Gallery,Mississauga,Peel Region,Golden Horseshoe,Museum,Art,"contemporary art gallery, part of University of Toronto Mississauga"
51,Blockhouse Museum,Merrickville,Leeds and Grenville,Eastern,Museum,Transportation,"history of the Rideau Canal, photos, local history exhibits, located in a historic blockhouse, operated by the Merrickville and District Historical Society"
52,Bobby Orr Hall of Fame,Parry Sound,Parry Sound District,Northeastern,Museum,Sports,"Ice hockey history and memorabilia of Bobby Orr, located in the Charles W. Stockey Centre for the Performing Arts"
53,Bonnechere Museum,Bonnechere,Renfrew County,Eastern,Museum,Multiple,"local history, culture and natural history, including area Ordovician fossils, geology, First Nations artifacts, fur trade, timber industry"
54,Bothwell-Zone Oil Museum,Bothwell,Chatham-Kent,Southwestern,Museum,Industry,"oil industry powerhouse and equipment, operated by the Bothwell-Zone & District Historical Society"
55,Bowmanville Museum,Bowmanville,Durham Region,Central,Museum,Historic house,"1900-1930 period home reflecting the lifestyle of a wealthy merchant family, operated by the Clarington Museums"
56,Boyd Heritage Museum,Bobcaygeon,Kawartha Lakes,Central,Museum,Local history,Local history
57,Bradley Museum,Mississauga,Peel Region,Golden Horseshoe,Museum,Local history,Local history
58,Brant Museum and Archives,Brantford,County of Brant,Golden Horseshoe,Museum,Local history,"operated by the Brant Historical Society, period room and business displays"
59,Brantford and Area Sports Hall of Recognition,Brantford,County of Brant,Golden Horseshoe,Museum,Sports,"photographs and memorabilia of area sports figures, including Wayne Gretzky"
60,Brocksden Country School Museum,Stratford,Perth County,Southwestern,Museum,Education,"19th century schoolhouse, open by appointment"
61,Brockville Museum,Brockville,Leeds and Grenville,Eastern,Museum,Local history,Local history
62,Brubacher House,Waterloo,Waterloo Region,Golden Horseshoe,Museum,Historic house,"operated by the Conrad Grebel University College and the Mennonite Historical Society of Ontario, restored mid-19th century Pennsylvania German farmstead"
63,Bruce County Museum and Cultural Centre,Southampton,Bruce County,Southwestern,Museum,Multiple,"exhibits include local history, natural history, maritime, First Nations, agriculture, maritime, military and culture"
64,Bruce Mines Museum,Bruce Mines,Algoma District,Northeastern,Museum,Local history,Local history
65,Bunker Military Museum,Cobalt,Timiskaming District,Northeastern,Museum,Military,includes artifacts from the Boer War to the present day
66,Burlington Art Centre,Burlington,Halton Region,Golden Horseshoe,Museum,Art,"Contemporary art centre, focus on visual art and crafts"
67,Buxton National Historic Site and Museum,North Buxton,Chatham-Kent,Southwestern,Museum,History,Historic buildings in Underground Railroad community
68,Bygone Days Heritage Village,Collingwood,Simcoe County,Central,Museum,Open air,mid 19th-century village buildings with authentic furnishings and artifacts
69,Bytown Museum,Ottawa,Ottawa,Eastern,Museum,History,City's early history and building of the Rideau Canal
70,Caledonia Grand Trunk Station,Caledonia,Haldimand County,Golden Horseshoe,Museum,Railway,"Features local railway artifacts, displays and an operating ""G"" scale model train"
71,Callander Bay Heritage Museum,Callander,Parry Sound District,Northeastern,Museum,Multiple,"located in the home of Dr. Allan Roy Dafoe, who delivered and cared for the Dionne quintuplets; includes period doctor's office and dispensary displays, the Dionne quintuplets, a barber shop, period rooms, area logging and maritime history, and the Alex Dufresne Gallery of art"
72,Cambridge Butterfly Conservatory,Cambridge,Waterloo Region,Golden Horseshoe,Museum,Natural history,"butterfly conservatory with live butterflies, birds, plants and natural history exhibits"
73,Cambridge Centre for the Arts,Cambridge,Waterloo Region,Golden Horseshoe,Museum,Art,includes an art gallery
74,Cambridge Galleries,Cambridge,Waterloo Region,Golden Horseshoe,Museum,Art,"part of the Cambridge Public Library system with exhibition space at Queen's Square, Preston and Design at Riverside"
75,Cambridge Sculpture Garden,Cambridge,Waterloo Region,Golden Horseshoe,Museum,Art,outdoor sculpture garden
76,Cameron Highlanders of Ottawa Museum,Ottawa,Ottawa,Eastern,Museum,Military,"Regimental history and artefacts, located in Cartier Square Drill Hall"
77,Campbellford Memorial Military Museum,Campbellford,Northumberland,Central,Museum,Military,Military
78,Canada Agriculture Museum,Ottawa,Ottawa,Eastern,Museum,Agriculture,"Demonstration farm with live animals, tractors exhibit"
79,Canada Aviation Museum,Ottawa,Ottawa,Eastern,Museum,Aerospace,"History of Canadian aviation, includes civilian and military aircraft"
80,Canada Science and Technology Museum,Ottawa,Ottawa,Eastern,Museum,Science,"Exhibits include Canadian inventors and inventions, communications, digital networks, space exploration, railroads, canoes"
81,Canada South Science City,Windsor,Essex County,Southwestern,Museum,Science,Open to the public on weekends and summer
82,Canada's First Forestry Station,St. Williams,Norfolk County,Southwestern,Museum,Forestry,efforts to plant the area's forests
83,Canadian Automotive Museum,Oshawa,Durham Region,Central,Museum,Automobile,"Features mostly Canadian-made cars, automotive history in Canada"
84,Canadian Baseball Hall of Fame,St. Marys,Perth County,Southwestern,Museum,Sports,"Great players, teams, and accomplishments of baseball in Canada"
85,Canadian Bushplane Heritage Centre,Sault Ste. Marie,Algoma District,Northeastern,Museum,Aviation,History of bush flying and forest protection in Canada
86,Canadian Canoe Museum,Peterborough,Peterborough County,Central,Museum,Maritime,Canoe collection and how the canoe defines the Canadian character and spirit
87,Canadian Clay and Glass Gallery,Waterloo,Waterloo Region,Golden Horseshoe,Museum,Art,"Historic and contemporary Canadian ceramic, glass and enamel art"
88,Canadian Clock Museum,Deep River,Renfrew County,Eastern,Museum,Horology,heritage of Canada's many clock manufacturers and sellers from the early 19th century to the present
89,Canadian Drilling Rig Museum,Rainham Centre,Haldimand County,Golden Horseshoe,Museum,Industry,"history of the early natural gas fields of Haldimand, Norfolk and Southern Ontario"
90,Canadian Firefighters Museum,Port Hope,Northumberland,Central,Museum,Firefighting,"includes vehicles, fire hydrants, working municipal fire alarm system, photo displays, helmets, turnout gear and tools of the trade"
91,Canadian Football Hall of Fame,Hamilton,Hamilton,Golden Horseshoe,Museum,Sports,Great achievements in Canadian football
92,Canadian Forces Museum of Aerospace Defense,North Bay,Nipissing District,Northeastern,Museum,Military,"evolution of air defence and the contributions Canadians have made, includes NORAD exhibit, located at CFB North Bay"
93,Canadian Golf Hall of Fame,Oakville,Halton Region,Golden Horseshoe,Museum,Sports,Canada's golf heritage
94,Canadian Medical Hall of Fame,London,Middlesex County,Southwestern,Museum,Medical,Honors Canadians who have contributed to the understanding of disease and improving the health of people
95,Canadian Military Heritage Museum,Brantford,County of Brant,Golden Horseshoe,Museum,Military,"includes weapons, uniforms, medals, models, artifacts"
96,Canadian Museum of Hindu Civilization,Richmond Hill,York Region,Golden Horseshoe,Museum,Religious,essence of Hinduism in North America
97,Canadian Museum of Nature,Ottawa,Ottawa,Eastern,Museum,Natural history,"Galleries include fossils and dinosaurs, Canadian mammals and birds, water, rocks and minerals"
98,Canadian Soccer Hall of Fame,Vaughan,York Region,Golden Horseshoe,Museum,Sports,Achievements of top Canadian Footballers and Builders who have played and developed the game in Canada
99,Canadian Transportation Museum & Heritage Village,Kingsville,Essex County,Southwestern,Museum,Multiple,"includes village with late over 20 heritage buildings from the 18th century up to the late 1920s, and the museum with antique, vintage and hot rod cars and trucks"
100,Canadian War Museum,Ottawa,Ottawa,Eastern,Museum,Military,"Canada's military history, includes vehicles, weapons, uniforms, art, artillery, memorabilia"
101,Canadian Warplane Heritage Museum,Hamilton,Hamilton,Golden Horseshoe,Museum,Aerospace,Military aircraft
102,Cannington Historical Museum,Cannington,Durham Region,Central,Museum,Open air,"includes two log houses, a railway station and caboose, a meeting hall, a driving shed"
103,Carleton Place and Beckwith Heritage Museum,Carleton Place,Lanark County,Eastern,Museum,Local history,"local history, culture"
104,Carleton University Art Gallery,Ottawa,Ottawa,Eastern,Museum,Art,part of Carleton University
105,Carman House Museum,Iroquois,"Stormont, Dundas and Glengarry",Eastern,Museum,Living,1835 period Loyalist house
106,Castle Kilbride,Baden,Waterloo Region,Golden Horseshoe,Museum,Historic house,Late 19th century Victorian house
107,Centennial Museum of Sheguiandah,Sheguiandah,Manitoulin District,Northeastern,Museum,Local history,Local history
108,Centennial Park,Thunder Bay,Thunder Bay District,Northwestern,Museum,Forestry,"Features a museum and recreation of a 1910 logging camp, including train"
109,Central Manatoulin Pioneer Museum,Mindemoya,Manitoulin District,Northeastern,Museum,History,"operated by the Central Manitoulin Historical Society, includes a log home, blacksmith shop, barn and equipment, milk processing and butter making equipment, ice harvesting tools"
110,Centrepointe Theatre Gallery,Ottawa,Ottawa,Eastern,Museum,Art,"Works of local and regional artists, operated by the City of Ottawa"
111,CFB Petawawa Military Museums,Petawawa,Renfrew County,Eastern,Museum,Military,"complex includes the Canadian Airborne Forces Museum about the history of The Canadian Airborne Regiment, and the CFB Petawawa Military Museum with exhibits about the history of CFB Petawawa"
112,Champlain Trail Museum and Pioneer Village,Pembroke,Renfrew County,Eastern,Museum,Open air,operated by the Ottawa Valley Historical Society
113,Chapleau Centennial Museum,Chapleau,Sudbury District,Northeastern,Museum,Local history,Local history
114,Chapple Museum,Chapple,Rainy River District,Northwestern,Museum,Local history,Local history
115,Chatham Railroad Museum,Chatham–Kent,Chatham-Kent,Southwestern,Museum,Railroad,"early railroad equipment, located in a baggage car"
116,Chatham-Kent Black Historical Society,Chatham-Kent,Chatham-Kent,Southwestern,Museum,African American,W.I.S.H. Centre features exhibits about area black history and historic sites
117,Chatham-Kent Museum,Chatham-Kent,Chatham-Kent,Southwestern,Museum,History,local history
118,Chesley Heritage & Woodworking Museum,Chesley,Bruce County,Southwestern,Museum,History,local history and area woodworking industry
119,Chesterville & District Heritage Centre,Chesterville,"Stormont, Dundas and Glengarry",Eastern,Museum,History,local history
120,Chiefswood National Historic Site,Ohsweken,County of Brant,Golden Horseshoe,Museum,Historic house,"mid-19th century birthplace home of Pauline Johnson, a First Nations author and performer"
121,Christ Church Community Museum,Lakefield,Peterborough County,Central,Museum,History,local history
122,City of Ottawa Art Galleries,Ottawa,Ottawa,Eastern,Museum,Art,"art galleries owned and operated by the City of Ottawa, includes ASP, Barbara Ann Scott, Centrepointe Theatre, City Hall, Gallery 112, Karsh-Masson, Studio and Trinity galleries"
123,Clark House,Powassan,Parry Sound District,Northeastern,Museum,Historic house,operated by the Powassan and Area Historical Society
124,Clarke Museum,Kirby,Durham Region,Central,Museum,History,"operated by the Clarington Museums, includes local history displays, one room schoolhouse, blacksmith shop, agricultural equipment"
125,Cloyne & District Historical Society Pioneer Museum,Cloyne,Lennox and Addington County,Eastern,Museum,History,"historic artifacts including tools, clothing, kitchen and other household effects"
126,Cobalt Firefighters Museum,Cobalt,Timiskaming District,Northeastern,Museum,Firefighting,Firefighting
127,Cobalt Mining Museum,Cobalt,Timiskaming District,Northeastern,Museum,Mining,silver mining
128,Cochrane Railway and Pioneer Museum,Cochrane,Cochrane District,Northeastern,Museum,Railway,"include railroad, local history and Tim Horton exhibits"
129,Coldwater Canadiana Heritage Museum,Coldwater,Simcoe County,Central,Museum,Open air,"includes 1830s log cabin homestead with historic furnishings and household items, replica general store and post office, display barn, blacksmith shop, print shop, carriage house, slaughter house"
130,Collingwood Museum,Collingwood,Simcoe County,Central,Museum,History,"local history including early pioneer life, local settlers, traditional logging practices and pioneer settlement"
131,Comber & District Historical Society Museum,Lakeshore,Essex County,Southwestern,Museum,History,local history
132,Commanda General Store Museum,Commanda,Parry Sound District,Northeastern,Museum,History,"1885 High Victorian store with counters, flooring and goods from 1885–1934[1]"
133,Copper Cliff Museum,Copper Cliff,Greater Sudbury,Northeastern,Museum,Historic house,"Operated by Greater Sudbury Heritage Museums, turn-of-the-20th-century log cabin mining family home"
134,Cornwall Community Museum,Cornwall,"Stormont, Dundas and Glengarry",Eastern,Museum,History,local history
135,Correctional Service of Canada MuseumCanada's Penitentiary Museum,Kingston,Frontenac County,Eastern,Museum,Prison,"History of Kingston Penitentiary and other correctional centres (), history of Canada's penitentiary system"
136,Cottonwood Mansion,Selkirk,Haldimand County,Golden Horseshoe,Museum,Historic house,late 19th century Victorian mansion
137,Country Heritage Park,Milton,Halton Region,Golden Horseshoe,Museum,Agriculture,"Formerly the Ontario Agricultural Museum, over 30 buildings depict agriculture and rural life over 170 years"
138,Craigleith Heritage Depot,Blue Mountains,Grey County,Central,Museum,History,local history and information centre
139,Crawford Lake Conservation Area,Campbellville,Halton Region,Golden Horseshoe,Museum,First Nations,Features reconstructed 15th century Iroquoian village and interpretive programs
140,Criminals Hall of Fame,Niagara Falls,Niagara Region,Golden Horseshoe,Museum,Wax,"Wax figures of notorious criminals, from mobsters to serial killers"
141,Crull Rock Collection,Balmertown,Kenora District,Northwestern,Museum,Natural history,"display of rocks and mineral specimens from around the world including local gold samples, located in the municipal office, part of the Red Lake Museum collection"
142,Cumberland Heritage Village,Cumberland,Ottawa,Eastern,Museum,Living,1920-1930s rural village
143,Currency Museum,Ottawa,Ottawa,Eastern,Museum,Numismatic,"Operated by the Bank of Canada, features the National Currency Collection"
144,Delhi Tobacco Museum and Heritage Centre,Delhi,Norfolk County,Southwestern,Museum,Local history,includes the agricultural and cultural development of the area
145,Diefenbunker Museum,Carp,Ottawa,Eastern,Museum,Military,Cold War bunker for the Canadian government
146,Dionne Quints Museum,North Bay,Nipissing District,Northeastern,Museum,Biographical,Birthplace and childhood home of the Dionne quintuplets
147,Discovery North Bay,North Bay,Nipissing District,Northeastern,Museum,History,"formerly the North Bay Area Museum, local history"
148,Discovery Harbour,Penetanguishene,Simcoe County,Central,Museum,Open air,"recreated 19th century community with replica ships and smaller vessels, historic buildings, and an original officers' quarters"
149,Discovery House Museum,Sarnia,Lambton County,Southwestern,Museum,History,local history
150,Donald Hughes Annex Museum,Ailsa Craig,Middlesex County,Southwestern,Museum,Local history,operated by the North Middlesex Historical Society
151,Doon Heritage Village,Kitchener,Waterloo Region,Golden Horseshoe,Museum,Living,1914 rural life
152,Dorothy’s House Museum,Port Hope,Northumberland,Central,Museum,Historic house,"operated by the East Durham Historical Society, 19th century Victorian worker's cottage, open seasonally"
153,Dorset Heritage Museum,Dorset,Muskoka,Central,Museum,History,"local history including early pioneer life, local settlers, traditional logging practices and pioneer settlement"
154,Dryden & District Museum,Dryden,Kenora District,Northwestern,Museum,Local history,Local history
155,Dufferin County Museum and Archives,Rosemont,Simcoe County,Central,Museum,Multiple,"local history exhibits, reconstructed 1918 pioneer home, art exhibits, collectibles"
156,Duke Hunt Museum,Thunder Bay,Thunder Bay District,Northwestern,Museum,History,"originally known as the Paipoonge Museum, located in Oliver Paipoonge, early settler household artifacts, community life"
157,Dundas Museum,Dundas,Hamilton,Golden Horseshoe,Museum,History,local history
158,Dundurn Castle,Hamilton,Hamilton,Golden Horseshoe,Museum,Historic house,"40 room 19th century estate of Sir Allan Napier MacNab, one of Canada's first premiers; grounds include Hamilton Military Museum"
159,Durham Art Gallery,Durham,Grey County,Southwestern,Museum,Art,Art
160,Dynamic Earth,Sudbury,Greater Sudbury,Northeastern,Museum,Mining,Geology and mining for nickel and gold
161,Ear Falls Museum,Ear Falls,Kenora District,Northwestern,Museum,Local history,"area's aboriginal peoples, gold mining and lumbering industries and transportation"
162,Edinburgh Square Heritage and Cultural Centre,Cayuga,Haldimand County,Golden Horseshoe,Museum,Local history,Includes original 1857 jail cell and gypsum mining exhibits
163,Edison Museum (Ontario),Vienna,Elgin County,Southwestern,Museum,Biographical,"home on land of Thomas Edison's parents former home, features Edison authentic artifacts and furniture"
164,Eldon House,London,Middlesex County,Southwestern,Museum,Historic house,19th century period mansion and gardens
165,Elgin County Museum,St. Thomas,Elgin County,Southwestern,Museum,Local history,Local history
166,Elgin County Railway Museum,St. Thomas,Elgin County,Southwestern,Museum,Railway,"Railroad engines, cars and equipment, located in 1913 former Michigan Central Railroad locomotive shops"
167,Elgin Military Museum,St. Thomas,Elgin County,Southwestern,Museum,Military,Canadian military history of Elgin County and its residents
168,Elliot Lake Nuclear and Mining Museum,Elliot Lake,Algoma District,Northeastern,Museum,Mining,"area's uranium mining history including the Canadian Mining Hall of Fame, also nuclear power, minerals, local history, logging, wildlife, marine artifacts"
169,Elman W. Campbell Museum,Newmarket,York Region,Central,Museum,Local history,Local history
170,Englehart & Area Museum,Englehart,Timiskaming District,Northeastern,Museum,Local history,also art exhibits
171,Erland Lee Museum,Stoney Creek,Hamilton,Golden Horseshoe,Museum,Historic house,"Late 19th century period Victorian home, recognized as the birthplace of the first Women's Institutes"
172,Ermatinger-Clergue National Historic Site,Sault Ste. Marie,Algoma District,Northeastern,Museum,Historic house,"19th century period house and summer kitchen, and turn-of-the-20th-century blockhouse and gardens"
173,Essex County Steam & Gas Engine Museum,McGregor,Essex County,Southwestern,Museum,Agriculture,"antique engines, tractors and farm machinery"
174,Eva Brook Donly Museum,Simcoe,Norfolk County,Southwestern,Museum,Historic house,"Victorian period house, also gallery of local art and history"
175,Fairfield Museum (Ontario),Thamesville,Chatham-Kent,Southwestern,Museum,Local history,Local history
176,Fairfield-Gutzeit House,Bath,Lennox and Addington County,Eastern,Museum,Historic house,Victorian period house
177,Fanshawe Pioneer Village,London,Middlesex County,Southwestern,Museum,Living,"19th century village with over 30 original and replica buildings on 46 acres (190,000 m2)"
178,Farmtown Park,Stirling,Hastings County,Central,Museum,Agriculture,"previously known as Hastings County Museum of Agricultural Heritage, includes cheese factory, barn display, farm machinery, steam engines and tractors, and an indoor 1930s-1940s heritage village display with period stores"
179,Fashion History Museum,Cambridge,Waterloo Region,Golden Horseshoe,Museum,Theme Collections,"10,000 historical garments and accessories dating from the mid 18th century to the present "
180,Fieldcote Memorial Park & Museum,Ancaster,Hamilton,Golden Horseshoe,Museum,Multiple,local history and art exhibits
181,First Hussars Museum,London,Middlesex County,Southwestern,Museum,Military,"artifacts and memorabilia of the 1st Hussars, open by appointment"
182,Flour Mill Museum,Sudbury,Greater Sudbury,Northeastern,Museum,Historic house,"Operated by Greater Sudbury Heritage Museums, early 20th-century house and log cabin"
183,Forest City Gallery,London,Middlesex County,Southwestern,Museum,Art,"artist-run centre for contemporary practices in visual/media arts, performance, literature and music"
184,Forest-Lambton Museum,Forest,Lambton County,Southwestern,Museum,Local history,"1890s period rooms, local history, natural history, military and doll displays"
185,Fort Erie,Fort Erie,Niagara Region,Golden Horseshoe,Museum,Military,Restored War of 1812 period fort
186,Fort Erie Historical Museum,Ridgeway,Niagara Region,Golden Horseshoe,Museum,Local history,housed in the 1874 Bertie Township Hall
187,Fort Erie Railroad Museum,Ridgeway,Niagara Region,Golden Horseshoe,Museum,Railway,"features a steam engine, historic railway station, area railroad history and artifacts"
188,Fort Frances Museum,Fort Frances,Rainy River District,Northwestern,Museum,Local history,"includes natural history, First Nations, fur traders, pioneers, forest industry, community development and growth, art exhibits"
189,Fort George National Historic Site,Niagara-on-the-Lake,Niagara Region,Golden Horseshoe,Museum,Military,Restored War of 1812 period fort with living history demonstrations
190,Fort Henry National Historic Site,Kingston,Frontenac County,Eastern,Museum,Military,19th-century British military fortress with costumed interpreters
191,Fort Malden National Historic Site,Amherstburg,Essex County,Southwestern,Museum,Military,"Restored fort buildings and exhibits about the War of 1812, the Rebellion of 1837 and 19th century soldiers' lives"
192,Fort St. Joseph National Historic Site,St. Joseph Island,Algoma District,Northeastern,Museum,Military,"Ruins of War of 1812 fort, exhibits about the site's military history"
193,Fort Wellington National Historic Site,Prescott,Leeds and Grenville,Eastern,Museum,Military,Restored 1846 period fort with living history demonstrators
194,Fort William Historical Park,Thunder Bay,Thunder Bay District,Northwestern,Museum,Living,Reconstructed 1815 fur trading post
195,Forwarders' Museum,Prescott,Leeds and Grenville,Eastern,Museum,Transportation,history of the forwarding of goods in the area before the construction of the Saint Lawrence Seaway
196,Founders' Museum & Pioneer Village,Thunder Bay,Thunder Bay District,Northwestern,Museum,Open air,"pioneer village with buildings from different periods, located in Oliver Paipoonge"
197,Foyer Gallery,Kanata,Ottawa,Eastern,Museum,Art,"Artist-run gallery for regional art, located in the Nepean Sportsplex"
198,Franco-Ontarian Folklore Centre,Sudbury,Greater Sudbury,Northeastern,Museum,Ethnic,"trades and traditions of pioneers, antique musical instruments and the daily life of the first French-Canadian settlers information], heritage of the Franco-Ontarian settlers"
199,Frederick Horsman Varley Art Gallery,Markham,York Region,Central,Museum,Art,Located in the historic house of artist Frederick Varley
200,Frontenac County Schools Museum,Kingston,Frontenac County,Eastern,Museum,Education,one-room rural school house in the 1900-1930 era
201,Fulford Place,Brockville,Leeds and Grenville,Eastern,Museum,Historic house,"Edwardian era mansion, operated by Ontario Heritage Trust"
202,Galerie du Nouvel-Ontario,Sudbury,Greater Sudbury,Northeastern,Museum,Art,Focus is contemporary art by Franco-Ontarian artists
203,Gallery 101,Ottawa,Ottawa,Eastern,Museum,Art,artist-run contemporary art centre
204,Gallery of Early Canadian Flight,Wiarton,Bruce County,Southwestern,Museum,Aviation,"features airplane models and photos, artist's prints, and posters of many of the historic moments in Canada's aviation history, located at Wiarton Airport"
205,Gallery Stratford,Stratford,Perth County,Southwestern,Museum,Art,"Exhibitions of local, national and international visual artists"
206,Georgian College Campus Gallery,Barrie,Simcoe County,Central,Museum,Art,part of Georgian College in the Helen and Arch Brown Centre for Visual Art
207,Georgina Military Museum,Keswick,York Region,Golden Horseshoe,Museum,Military,Military
208,Georgina Pioneer Village & Archives,Keswick,York Region,Golden Horseshoe,Museum,Open air,"includes a log house, church, schoolhouse, general store, train station, blacksmith shop, apothecary"
209,Gibson Gallery,Amherstburg,Essex County,Southwestern,Museum,Art,located in an 1896 former railroad station
210,Glanmore National Historic Site,Belleville,Hastings County,Central,Museum,Historic house,1890s period mansion
211,Glengarry Pioneer Museum,Dunvegan,"Stormont, Dundas and Glengarry",Eastern,Museum,Open air,"Twelve 19th-century wooden buildings (including the oldest still-functioning bar in Ontario) in a rural setting, with historic tools and artifacts, farm equipment and machinery, furniture, household items, clothing and fabrics"
212,Glengarry Sports Hall of Fame,Maxville,"Stormont, Dundas and Glengarry",Eastern,Museum,Sports,achievements of Glengarry County's athletes
213,Glenhyrst Art Gallery of Brant,Brantford,County of Brant,Golden Horseshoe,Museum,Art,contemporary art
214,Gore Bay Museum,Gore Bay,Manitoulin District,Northeastern,Museum,Local history,"also art exhibits, operated by the Western Manitoulin Historical Society"
215,Goulbourn Museum,Stittsville,Ottawa,Eastern,Museum,Local history,including 19th and 20th century rural township life
216,Governor General's Foot Guards Regimental Museum,Ottawa,Ottawa,Eastern,Museum,Military,History of the regiment
217,Great War Flying Museum,Brampton,Peel Region,Golden Horseshoe,Museum,Aviation,Features flying replicas of World War I aircraft
218,Grey Roots Museum and Archives,Georgian Bluffs,Grey County,Southwestern,Museum,Local history,Open air heritage village in summer
219,"Griffin House (Ancaster, Ontario)",Ancaster,Hamilton,Golden Horseshoe,Museum,Historic house,"Owned and operated by the Hamilton Conservation Authority, 19th century period home, part of the Underground Railroad"
220,Grimsby Museum,Grimsby,Niagara Region,Golden Horseshoe,Museum,Local history,Local history
221,Grimsby Public Art Gallery,Grimsby,Niagara Region,Golden Horseshoe,Museum,Art,Art
222,Guelph Civic Museum,Guelph,Wellington County,Southwestern,Museum,Local history,Local and natural history
223,Guinness World Records,Niagara Falls,Niagara Region,Golden Horseshoe,Museum,Amusement,Amusement
224,Haileybury Heritage Museum,Haileybury,Timiskaming District,Northeastern,Museum,Local history,"includes a streetcar, fire pumper, tugboat and caboose"
225,Haldimand County Museum & Archives,Cayuga,Haldimand County,Golden Horseshoe,Museum,Local history,Local history
226,Haliburton Highlands Museum,Haliburton,Haliburton County,Central,Museum,Local history,"includes local history museum, log barn, pioneer house"
227,Haliburton Sculpture Forest,Haliburton,Haliburton County,Central,Museum,Art,Outdoor sculpture park
228,Halton County Radial Railway,Milton,Halton Region,Golden Horseshoe,Museum,Transport,"Includes electric streetcars, other railway vehicles, trolleybusses and buses"
229,Halton Region Museum,Milton,Halton Region,Golden Horseshoe,Museum,Local history,Local history
230,Hamilton Children's Museum,Hamilton,Hamilton,Golden Horseshoe,Museum,Children's,Children's
231,Hamilton Military Museum,Hamilton,Hamilton,Golden Horseshoe,Museum,Military,Canada's military history since the War of 1812; located on the ground of Dundurn Castle
232,Hamilton Museum of Steam & Technology,Hamilton,Hamilton,Golden Horseshoe,Museum,Technology,"19th century waterworks pumping station with two 45-foot (14 m) high, 70-ton steam engines"
233,Hammond Museum of Radio,Guelph,Wellington County,Southwestern,Museum,Media,"radios designed and manufactured in Canada, early radio and wireless artifacts, receivers and transmitters"
234,Hastings and Prince Edward Regiment Museum,Belleville,Hastings County,Central,Museum,Military,"Regimental uniforms, history and memorabilia"
235,Heritage House Museum,Smiths Falls,Lanark County,Eastern,Museum,Historic house,"Facebooks site, mid-19th century period Victorian home"
236,Heritage Schoolhouse,Markham,York Region,Central,Museum,Education,19th century schoolhouse museum
237,Hermitage and Gatehouse Museum,Ancaster,Hamilton,Golden Horseshoe,Museum,History,History of the ruins of the 19th-century house
238,Highlands Cinemeas and Movie Museum,Kinmount,Kawartha Lakes,Central,Museum,Media,"small 5 screen movie theater and museum about movies, motion picture projectors and associated paraphernalia"
239,"Hillary House, The Koffler Museum of Medicine",Aurora,York Region,Golden Horseshoe,Museum,Medical,"19th-century house used as an office by three generations of doctors, features medical instruments, books, papers, household furnishings, and equipment dating from the early 19th to the late 20th century; operated by the Aurora Historical Society"
240,Historic Cornwall Jail,Cornwall,"Stormont, Dundas and Glengarry",Eastern,Museum,Prison,"includes cell blocks, common areas, exercise yard and visitation area"
241,HMCS Haida National Historic Site,Hamilton,Hamilton,Golden Horseshoe,Museum,Maritime,Tribal-class destroyer museum ship
242,Hoch Farm,"Killaloe, Hagarty and Richards",Renfrew County,Eastern,Museum,Historic house,1910-1920s period farmhouse
243,Hockey Heritage North,Kirkland Lake,Timiskaming District,Northeastern,Museum,Sports,Artifacts of local ice hockey history
244,Homer Watson House & Gallery,Kitchener,Waterloo Region,Golden Horseshoe,Museum,Art,gallery in home of artist Homer Watson
245,"Homewood Museum (Maitland, Ontario)",Maitland,Leeds and Grenville,Eastern,Museum,Historic house,"1800 stone house, operated by Ontario Heritage Trust"
246,Horseless Carriage Museum,Fenelon Falls,Kawartha Lakes,Central,Museum,Automobile,"early automobiles and truck, engines, memorabilia"
247,Humphrey Museum,Seguin,Parry Sound District,Northeastern,Museum,History,"1870s log schoolhouse with displays of pioneer history, also known as Seguin Township Museum"
248,Huron County Marine Museum,Goderich,Huron,Southwestern,Museum,Maritime,"lifestyle and culture of those who made a living on Lake Huron, open seasonally, included with admission to the Huron County Museum or Huron Historic Gaol"
249,Huron County Museum,Goderich,Huron,Southwestern,Museum,Local history,"furniture, agriculture, salt industry, area art and military displays"
250,Huron Historic Gaol,Goderich,Huron,Southwestern,Museum,Prison,"County jail from 1841 until 1972, courtrooms and early 20th century period governor's house"
251,Huronia Museum,Midland,Simcoe County,Central,Museum,Multiple,"Includes the 16th century period Huron Oendat Village, native art and archaeological collections, contemporary art gallery, local history and maritime exhibits, period room and general store displays"
252,Hutchison House Museum,Peterborough,Peterborough County,Central,Museum,Living,"operated by the Peterborough Historical Society, depicts 19th century life in Ontario"
253,Hymers Museum,Kakabeka Falls,Thunder Bay District,Northwestern,Museum,History,"local history and area's settlers, exhibits include mining, logging, farming, one-room schools, and the village's first church"
254,Ignace Heritage Centre,Ignace,Kenora District,Northwestern,Museum,Local history,adjoins the Ignace Public Library
255,Ingersoll Cheese & Agricultural Museum,Ingersoll,Oxford,Southwestern,Museum,History,"includes replica 20th-century cheese factory, a barn, local sports hall of fame, a working blacksmith shop and the Ingersoll Community Museum"
256,Innisville Museum,Innisville,Lanark County,Eastern,Museum,Local history,Local history
257,International Hockey Hall of Fame,Kingston,Frontenac County,Eastern,Museum,Sports,History of ice hockey
258,Ireland House,Burlington,Halton Region,Golden Horseshoe,Museum,Historic house,"homestead furnished for three periods: 1850s, 1890s and 1920s"
259,Iron Bridge Museum,Iron Bridge,Algoma District,Northeastern,Museum,Local history,Local history
260,Iroquois Falls Pioneer Museum,Iroquois Falls,Cochrane District,Northeastern,Museum,Local history,Local history
261,Jack Seabrook's Farm Museum,Mindemoya,Manitoulin District,Northeastern,Museum,Agriculture,"tractors, farm equipment and tools"
262,Jet Aircraft Museum,London,Middlesex County,Southwestern,Museum,Aviation,Focus is Canadian Forces jet aircraft
263,John Freeman Walls Historic Site,Lakeshore,Essex County,Southwestern,Museum,Open air,"20-acre (81,000 m2) historical site that features historic buildings and was part of the Underground Railroad"
264,John R. Park Homestead and Conservation Area,Harrow,Essex County,Southwestern,Museum,Historic house,1850s house and farm buildings
265,Jolley's Riding Toy Museum,Meaford,Grey County,Southwestern,Museum,Toy,"includes over 300 antique bicycles, tricycles, children’s wagons, scooters, pedal cars, hand cars, kiddie cars, ride-on vehicles, horses and sleds"
266,Jordan Historical Museum of the Twenty,Jordan,Niagara Region,Golden Horseshoe,Museum,Historic house,"Depicts early lives of the Loyalists and Pennsylvania Mennonites, includes 1835 period historic house with textiles and weaving displays, and a 1908 period schoolhouse"
267,Joseph Brant Museum,Burlington,Halton Region,Golden Horseshoe,Museum,Local history,reconstructed early 19th century home of Joseph Brant features local history exhibits
268,Schneider Haus,Kitchener,Waterloo Region,Golden Horseshoe,Museum,Historic house,Early 19th century period homestead
269,Kanata Civic Art Gallery,Kanata,Ottawa,Eastern,Museum,Art,Art
270,Karsh-Masson Gallery,Ottawa,Ottawa,Eastern,Museum,Art,municipal art gallery
271,Kawartha Settlers' Village,Bobcaygeon,Kawartha Lakes,Central,Museum,Open air,historic homes and buildings from 1830–1915
272,Kay-Nah-Chi-Wah-Nung,Stratton,Rainy River District,Northwestern,Museum,First Nations,"Exhibits about the culture of the Ojibway people, tours of Manitou mounds"
273,Keith M. Boyd Museum,Russell,Prescott and Russell,Eastern,Museum,Local history,operated by the Russell Historical Society
274,Killarney Museum,Killarney,Sudbury District,Northeastern,Museum,Local history,Local history
275,King Township Museum,King City,York Region,Golden Horseshoe,Museum,Local history,Located in a historic railroad station and church
276,Kingston Archaeological Centre,Kingston,Frontenac County,Eastern,Museum,Archaeology,history of the human occupation of Eastern Ontario over the past 8000 years
277,Kingston Scouting Museum,Kingston,Frontenac County,Eastern,Museum,Scouting,open by appointment
278,Kingsville Historical Park,Kingsville,Essex County,Southwestern,Museum,Military,"includes the Charlie Campbell Museum of local military history and artifacts, and a restored 19th century range light"
279,Kintail School,Lucknow,Bruce County,Southwestern,Museum,Education,late 19th-century schoolhouse
280,Kitchener-Waterloo Art Gallery,Kitchener,Waterloo Region,Golden Horseshoe,Museum,Art,emphasis is contemporary art
281,Komoka Railway Museum,Komoka,Middlesex County,Southwestern,Museum,Railway,"housed in a 19th-century Canadian National Railway station, railroad artifacts and memorabilia"
282,Lake of the Woods Museum,Kenora,Kenora District,Northwestern,Museum,Local history,"themes include First Nations, fur traders, pioneer life, area industries and development"
283,Lambton Heritage Museum,Lambton,Lambton County,Southwestern,Museum,Multiple,"local history, pressed glass, agriculture equipment, antique vehicles and engines, late 19th century pioneer home, school, blacksmith shop"
284,Lanark and District Museum,Lanark,Lanark County,Eastern,Museum,Local history,Local history
285,Lang Pioneer Village Museum,Peterborough,Peterborough County,Central,Museum,Living,19th century pioneer village
286,Latcham Gallery,Stouffville,York Region,Central,Museum,Art,Art
287,Laura Secord Homestead,Queenston,Niagara Region,Golden Horseshoe,Museum,Historic house,"early 19th century period home of Laura Secord, a Canadian heroine of the War of 1812"
288,Laurier House National Historic Site,Ottawa,Ottawa,Eastern,Museum,Historic house,Home of two prime ministers
289,Lennox and Addington County Museum,Napanee,Lennox and Addington County,Eastern,Museum,Local history,Operated by the Lennox and Addington Historical Society
290,Library and Archives Canada,Ottawa,Ottawa,Eastern,Museum,Library,Art and history exhibits from its collections
291,Lincoln and Welland Regimental Museum,Niagara-on-the-Lake,Niagara Region,Golden Horseshoe,Museum,Military,History and artifacts of The Lincoln and Welland Regiment
292,Lindsay Gallery,Lindsay,Kawartha Lakes,Central,Museum,Art,Art
293,Lithuanian Museum-Archives of Canada,Mississauga,Peel Region,Golden Horseshoe,Museum,Ethnic,Ethnic
294,Little Claybelt Homesteaders Museum,New Liskeard,Timiskaming District,Northeastern,Museum,Local history,local history and pioneer life in the area from the 1880s through the 1940s
295,Little Schoolhouse and Museum,South Baymouth,Manitoulin District,Northeastern,Museum,Local history,local history and one room school exhibits
296,Lockmaster's House Museum,Chaffey's Lock,Leeds and Grenville,Eastern,Museum,Transportation,"local history exhibits, history of the Rideau Canal, located in a historic lockmaster's house"
297,London Regional Children’s Museum,London,Middlesex County,Southwestern,Museum,Children's,Children's
298,L'Orignal Jail,L'Orignal,Prescott and Russell,Eastern,Museum,Prison,Tours of the prison built in the 1820s and decommissioned in 1998
299,Lorne Scots Regimental Museum,Brampton,Peel Region,Golden Horseshoe,Museum,Military,Regimental memorabilia
300,Lost Villages Museum,Long Sault,"Stormont, Dundas and Glengarry",Eastern,Museum,Open air,"Features buildings, photos and memorabilia of The Lost Villages; complex includes a general store, train station, log house, barber shop, school, church and home"
301,Louis Tussaud's Waxworks,Niagara Falls,Niagara Region,Golden Horseshoe,Museum,Wax,Wax
302,Lucan Area Heritage & Donnelly Museum,Lucan,Middlesex County,Southwestern,Museum,Local history,Local history
303,Macaulay Heritage Park,Picton,Prince Edward County,Central,Museum,Historic house,"includes 1850s period home, historic church with local history museum"
304,Macdonald Stewart Art Centre,Guelph,Wellington County,Southwestern,Museum,Art,"Exhibits of contemporary and historical art, craft and design"
305,Mackenzie Printery & Newspaper Museum,Queenston,Niagara Region,Golden Horseshoe,Museum,Media,"also reconstructed home of rebel publisher William Lyon Mackenzie, displays of 500 years of printing technology"
306,MacLachlan Woodworking Museum,Kingston,Frontenac County,Eastern,Museum,Technology,"19th century life and technology, especially woodworking"
307,MacLaren Art Centre,Barrie,Simcoe County,Central,Museum,Art,Art
308,Madonna House Apostolate,Combermere,Renfrew County,Eastern,Museum,History,"Catholic Christian community, includes the Pioneer Museum with historic tools, household items and agriculture equipment"
309,Mahoney Dolls House Gallery,Fort Erie,Niagara Region,Golden Horseshoe,Museum,Toy,features over 140 doll houses from 1780–1995
310,Maidstone Bicentennial Museum,Lakeshore,Essex County,Southwestern,Museum,Local history,Local history
311,Maison Macdonell-Williamson House,Chute-à-Blondeau,Prescott and Russell,Eastern,Museum,Historic house,"owned by Ontario Heritage Trust, operated by the Friends of the Macdonell-Williamson House, early 19th-century house"
312,Marathon District Museum,Marathon,Thunder Bay District,Northwestern,Museum,Local history,Local history
313,Marie Dressler House,Cobourg,Northumberland,Central,Museum,Biographical,"home of actress Marie Dressler, small museum"
314,Marine Museum of the Great Lakes,Kingston,Frontenac County,Eastern,Museum,Maritime,"Exhibits include shipbuilding, boat building, shipping, life of a sailor, marine art, natural history and ecology of the Great Lakes, and the museum ship CCGS Alexander Henry"
315,Mariners Park Museum,Milford,Prince Edward County,Central,Museum,Open air,Open air
316,Markham Museum,Markham,York Region,Central,Museum,Open air,"Buildings include houses, barns, sheds, train station, schoolhouse, general store, church, blacksmith, harness shop, saw mill, cider mill"
317,Marten River Provincial Park,Marten River,Nipissing District,Northeastern,Museum,Forestry,Features replica 19th-century logging camp
318,Maryboro Lodge,Fenelon Falls,Kawartha Lakes,Central,Museum,Local history,also known as the Fenelon Museum
319,Massey Area Museum,Massey,Sudbury District,Northeastern,Museum,Local history,"includes early 20th century general store display, First Nations artifacts, period rooms, lumbering, farming, mining and mineral displays"
320,Mather-Walls House,Kenora,Kenora District,Northwestern,Museum,Historic house,"turn-of-the-20th-century period house, owned by Ontario Heritage Trust, operated in the summer by the Lake of the Woods Historical Society"
321,Mattawa Museum,Mattawa,Nipissing District,Northeastern,Museum,Local history,"operated by the Mattawa and District Historical Society, information"
322,McCrae House,Guelph,Wellington County,Southwestern,Museum,Historic house,Late 19th century period home of poet John McCrae
323,McDougall Cottage,Waterloo,Waterloo Region,Golden Horseshoe,Museum,Historic house,mid-19th-century Scottish labourer's home
324,McDougall Mill Museum,Renfrew,Renfrew County,Eastern,Museum,Local history,located in a former stone grist mill
325,"McFarland House (Niagara-on-the-Lake, Ontario)",Niagara-on-the-Lake,Niagara Region,Golden Horseshoe,Museum,Historic house,early 19th century period house
326,McIntosh Gallery,London,Middlesex County,Southwestern,Museum,Art,part of the University of Western Ontario
327,McMaster Museum of Art,Hamilton,Hamilton,Golden Horseshoe,Museum,Art,"Part of McMaster University, changing exhibits of historical, modern and contemporary art in five galleries"
328,McMichael Canadian Art Collection,Kleinburg,York Region,Golden Horseshoe,Museum,Art,"Features paintings by Tom Thomson, the Group of Seven and their contemporaries, and First Nations and Inuit artists"
329,Meaford Museum,Meaford,Grey County,Southwestern,Museum,Local history,Local history
330,Memory Junction Railway Museum,Brighton,Northumberland,Central,Museum,Railway,"Located in a former railway station, includes a locomotive, railroad cars, equipment, memorabilia"
331,Middleville and District Museum,Middleville,Lanark County,Eastern,Museum,Local history,Local history
332,Military Communications and Electronics Museum,Kingston,Frontenac County,Eastern,Museum,Military,History of military communications
333,Miller Museum of Geology,Kingston,Frontenac County,Eastern,Museum,Natural history,"part of Queen's University, rocks, minerals, fossils, area geology"
334,Milner House,Chatham-Kent,Chatham-Kent,Southwestern,Museum,Historic house,turn-of-the-20th-century lifestyle of a successful industrialist and his family
335,Minden Hills Cultural Centre,Minden Hills,Haliburton County,Central,Museum,Multiple,"includes the Agnes Jamieson Gallery with a collection of works by André Lapine; the Minden Hills Museum with historic buildings including a schoolhouse, church, pioneer log home, blacksmith shop, logging camp, agriculture and local history exhibits; and R.D. Lawrence Place with exhibits about the nature activities and writings of RD Lawrence"
336,Mission House Museum & Gallery,Combermere,Renfrew County,Eastern,Museum,Multiple,local history and art
337,Mississagi Lighthouse,Little Current,Manitoulin District,Northeastern,Museum,Maritime,Maritime
338,Mississippi Valley Textile Museum,Almonte,Lanark County,Eastern,Museum,Textile,"history of the area's textile industry, modern fiber arts exhibits, textile processes and equipment"
339,Modern Fuel,Kingston,Frontenac County,Eastern,Museum,Art,artist-run contemporary art centre
340,Moore Museum,Mooretown,Lambton County,Southwestern,Museum,Open air,"includes local history exhibits, church, school, fire hall, log cabin, railroad station, Victoria cottage, agriculture hall, blacksmith shop"
341,Morningstar Mill,St. Catharines,Niagara Region,Golden Horseshoe,Museum,Open air,"includes historic working grist mill,turbine shed, blacksmith shop, millers house, icehouse, sawmill and barn"
342,Movieland Wax Museum of the Stars (Ontario),Niagara Falls,Niagara Region,Golden Horseshoe,Museum,Wax,Wax
343,MS Norgoma,Sault Ste. Marie,Algoma District,Northeastern,Museum,Maritime,Canadian package freighter and passenger ferry museum ship
344,Murney Tower,Kingston,Frontenac County,Eastern,Museum,Military,mid-19th century martello tower with period exhibits
345,Murray L. Moore Hydro Museum,Pembroke,Renfrew County,Eastern,Museum,Science,"also known as the Pembroke Hydro Museum, operated by Ottawa River Power"
346,Muséoparc Vanier Museopark,Ottawa,Ottawa,Eastern,Museum,Local history,local history of Vanier and the Francophone heritage of Ottawa
347,Museum in the Square,Brantford,County of Brant,Golden Horseshoe,Museum,Art,"operated by the Brant Historical Society, collection of decorative and fine arts"
348,Museum London,London,Middlesex County,Southwestern,Museum,Multiple,"Art, local history"
349,Museum of Classical Antiquities,Ottawa,Ottawa,Eastern,Museum,Archaeology,"teaching collection of the University of Ottawa, pottery and artifacts of daily life from ancient Greek and Roman civilizations dating from the 7th century BC to the 7th century AD"
350,Museum of Health Care,Kingston,Frontenac County,Eastern,Museum,Medical,Nursing and history of health care
351,Museum of Northern History,Kirkland Lake,Timiskaming District,Northeastern,Museum,Multiple," Located in the Sir Harry Oakes Chateau, owned by Ontario Heritage Trust, historic house with exhibits about Harry Oakes and area mining, local history, area wildlife, local art exhibits"
352,Museum of Ontario Archaeology,London,Middlesex County,Southwestern,Museum,Archaeology,"Part of the University of Western Ontario, Ontario's prehistoric past, adjacent reconstructed Neutral Nation village"
353,Museum of Vision Science,Kitchener,Waterloo Region,Golden Horseshoe,Museum,Medical,"Part of the University of Waterloo, history of vision science, housed in the School of Optometry"
354,Museum on the Boyne,Alliston,Simcoe County,Central,Museum,Local history,includes 1851 log cabin and an 1858 English barn with agriculture equipment
355,Museum Strathroy-Caradoc,Strathroy-Caradoc,Middlesex County,Southwestern,Museum,Local history,located in 34 Frank which is also home to Strathroy Public Library and The Art Space gallery
356,Museum of Temporary Art,Victoria Road,City of Kawartha Lakes,Central,Museum,Art,"housed in a restored Victorian general store, the MTA is a museum of the imagination including collage, painting, evolving installations and found object assemblages"
357,Muskoka Boat & Heritage Centre,Gravenhurst,Muskoka,Central,Museum,Maritime,"includes history of area steamships, wooden boats and luxury hotels, antique and wooden boat models, toys and Muskoka memorabilia"
358,Muskoka Heritage Place,Huntsville,Muskoka,Central,Museum,Multiple,"includes the Muskoka Museum, Muskoka Pioneer Village and the Huntsville & Lake of Bays Railway Society's Portage Flyer Train"
359,Muskoka Lakes Museum,Port Carling,Muskoka,Central,Museum,Local history,Local history
360,Myrtleville House Museum,Brantford,County of Brant,Golden Horseshoe,Museum,Historic house,"operated by the Brant Historical Society, restored 1837 homestead with furnishings from 140 years of family life"
361,Nancy Island Historic Site,Wasaga Beach,Simcoe County,Central,Museum,Military,"includes artifacts from the 18th century schooner HMS Nancy, exhibits on the War of 1812 and a lighthouse"
362,Naismith Museum,Almonte,Lanark County,Eastern,Museum,Biographical,Life of basketball inventor James Naismith
363,National Air Force Museum of Canada,Trenton,Hastings County,Central,Museum,Aviation,"Formerly known as the RCAF Memorial Museum, Royal Canadian Air Force aircraft and artifacts"
364,National Gallery of Canada,Ottawa,Ottawa,Eastern,Museum,Art,"Collections include Canadian, European, Asian art from the Indian subcontinent, Tibet and China, contemporary art, photography, sculpture, indigenous art from around the world"
365,Nepean Fine Arts League Gallery,Nepean,Ottawa,Eastern,Museum,Art,Art
366,Nepean Museum,Nepean,Ottawa,Eastern,Museum,Local history,Local history
367,Net Shed Museum,Meldrum Bay,Manitoulin District,Northeastern,Museum,Maritime,seafaring and fishing history of the region
368,Niagara Apothecary,Niagara-on-the-Lake,Niagara Region,Golden Horseshoe,Museum,Medical,"owned by Ontario Heritage Trust, operated by the Ontario College of Pharmacists, restored 1869 pharmacy"
369,Niagara Artists Centre,St. Catharines,Niagara Region,Golden Horseshoe,Museum,Art,artist-run contemporary art centre
370,Niagara Children's Museum,Niagara Falls,Niagara Region,Golden Horseshoe,Museum,Children's,Children's
371,Niagara Falls Art Gallery,Niagara Falls,Niagara Region,Golden Horseshoe,Museum,Art,Art
372,Niagara Falls History Museum,Niagara Falls,Niagara Region,Golden Horseshoe,Museum,Local history,"formerly the Lundy's Lane Historical Museum, features exhibits on the War of 1812"
373,Niagara Historical Museum,Niagara-on-the-Lake,Niagara Region,Golden Horseshoe,Museum,Local history,Local history
374,Niagara Pumphouse Visual Arts Centre,Niagara-on-the-Lake,Niagara Region,Golden Horseshoe,Museum,Art,features regional art
375,Niagara Scouting Museum,Niagara Falls,Niagara Region,Golden Horseshoe,Museum,Scouting,open by appointment
376,Nipissing Township Museum,Nipissing,Parry Sound District,Northeastern,Museum,Local history,"includes pioneer artifacts, reconstructed homes, log church"
377,No. 6 RCAF Dunnville Museum,Dunnville,Haldimand County,Golden Horseshoe,Museum,Aviation,history of the No.6 Service Flying Training School in WW II
378,Norfolk Arts Centre,Simcoe,Norfolk County,Southwestern,Museum,Art,"another also known as Lynnwood Arts Centre, located in the 1851 Lynnwood House"
379,North American Black Historical Museum,Amherstburg,Essex County,Southwestern,Museum,African American,"Focus is the Underground Railroad, black history in Canada, includes 19th-century church and log cabin"
380,North Hastings Heritage Museum,Bancroft,Hastings County,Central,Museum,Local history,Local history
381,North Huron Museum,Wingham,Huron,Southwestern,Museum,Local history,Local history
382,North Lanark Regional Museum,Appleton,Lanark County,Eastern,Museum,Local history,includes replicas of a country store and a pioneer log cabin
383,Northern Ontario Railroad Museum,Capreol,Greater Sudbury,Northeastern,Museum,Railway,"Railroad cars, equipment, artifacts and memorabilia"
384,Northwestern Ontario Sports Hall of Fame,Thunder Bay,Thunder Bay District,Northwestern,Museum,Sports,Area's sports heritage
385,Nor'Westers and Loyalist Museum,Williamstown,"Stormont, Dundas and Glengarry",Eastern,Museum,History,"story of Sir John Johnson and Loyalist followers who settled in town during the American Revolution in 1784, and the North West Company"
386,Norwich and District Museum,Norwich,Oxford,Southwestern,Museum,Open air,"includes 1889 Quaker Meeting House, a blacksmith shop, an 1830s saltbox farmhouse, a turn-of-the-20th-century Quaker schoolhouse, and two barns with agricultural and dairy farming displays and equipment"
387,O'Hara Mill Homestead,Madoc,Hastings County,Central,Museum,Open air,"includes 19th century saw mill, 1850 period house, carpenter shop, blacksmith shop, storage sheds, schoolhouse and log house"
388,Oak Hall,Niagara Falls,Niagara Region,Golden Horseshoe,Museum,Historic house,"View the mansion's restored Great Hall reception area, the dining room and the living room, and a collection of Niagara Falls art"
389,Oakville Galleries,Oakville,Halton Region,Golden Horseshoe,Museum,Art,Art
390,Oakville Museum,Oakville,Halton Region,Golden Horseshoe,Museum,Local history,historic estate and grounds with local history exhibits
391,Odette Sculpture Park,Windsor,Essex County,Southwestern,Museum,Art,Outdoor sculpture park
392,Oil Museum of Canada,Oil Springs,Lambton County,Southwestern,Museum,Industry,"petroleum industry artifacts, site of the first commercial oil well in North America"
393,Old Brittania Schoolhouse,Mississauga,Peel Region,Golden Horseshoe,Museum,Education,19th century one room schoolhouse
394,Olde Gaol Museum,Lindsay,Kawartha Lakes,Central,Museum,History,"local and Canadian history set in a jail building dating back to the 1860s, operated by the Victoria County Historical Society"
395,Old Mill Heritage Centre and Post Office Museum,Kagawong,Manitoulin District,Northeastern,Museum,Multiple,"includes the Kagawong Museum with exhibits on local history, agriculture, military, early sawmills, commercial shipping and fishing, a historic post office museum display, and an art gallery"
396,Old Stone Mill,Delta,Leeds and Grenville,Eastern,Museum,Mill,1810 stone grist mill and adjacent Museum of Industrial Technology with exhibits of early industries of the region including early agricultural equipment
397,Omàmiwininì Pimàdjwowin,Golden Lake,Renfrew County,Eastern,Museum,First Nations,"also known as The Algonquin Way Cultural Centre, heritage of the Algonquins of Pikwàkanagàn First Nation"
398,Ontario Provincial Police Museum,Orillia,Simcoe County,Central,Museum,Law enforcement,history of the Ontario Provincial Police
399,Ontario Regiment Museum,Oshawa,Durham Region,Central,Museum,Military,"History of The Ontario Regiment (RCAC), includes uniforms, over 80 military vehicles, medals, arms, photographs"
400,Orillia Museum of Art & History,Orillia,Simcoe County,Central,Museum,Multiple,art and local history
401,Orval Berry Museum,Frankford,Hastings County,Central,Museum,Local history,Local history
402,Oshawa Community Museum,Oshawa,Durham Region,Central,Museum,Historic house,"Includes late 19th century Victorian Henry House, local history exhibits"
403,Oshawa Military and Industrial Museum,Oshawa,Durham Region,Central,Museum,Military,Features large collection of military vehicles
404,Osgoode Township Historical Society and Museum,Osgood Township,Ottawa,Eastern,Museum,Local history,Local history
405,Ottawa Art Gallery,Ottawa,Ottawa,Eastern,Museum,Art,contemporary and 20th-century art
406,Ottawa School of Art Galleries,Ottawa,Ottawa,Eastern,Museum,Art,Art
407,Ottawa Sports Hall of Fame,Ottawa,Ottawa,Eastern,Museum,Sports,located in the Canadian Tire Centre
408,Owen Sound Marine & Rail Museum,Owen Sound,Grey County,Southwestern,Museum,Transport,"housed in a Canadian former National Railway Station on the Owen Sound waterfront, focus is the area's maritime, rail and industrial past"
409,Paddy Walker House,Kincardine,Bruce County,Southwestern,Museum,Local history,Local history
410,Palmerston Railway Heritage Museum,Palmerston,Wellington County,Southwestern,Museum,Railroad,Railroad
411,Park House Museum,Amherstburg,Essex County,Southwestern,Museum,Historic house,1850s period house and local history exhibits
412,"Parks Canada Discovery Center, Hamilton",Hamilton,Hamilton,Golden Horseshoe,Museum,Multiple,history and natural history exhibits on Canada's national parks and historic sites
413,Parkwood Estate,Oshawa,Durham Region,Central,Museum,Historic house,Early 20th-century mansion and estate gardens
414,Paris Museum and Historical Society,Paris,County of Brant,Golden Horseshoe,Museum,Local history,Local history
415,"Peel Art Gallery, Museum and Archives",Brampton,Peel Region,Golden Horseshoe,Museum,Multiple,"Local history museum, art gallery"
416,Pelee Island Heritage Centre,Pelee Island,Essex County,Southwestern,Museum,Multiple,local history and natural history
417,Penetanguishene Centennial Museum,Penetanguishene,Simcoe County,Central,Museum,Local history,Local history
418,Personal Computer Museum,Brantford,County of Brant,Golden Horseshoe,Museum,Technology,"Personal computers and artifacts, open on select days"
419,Perth Legion Hall of Remembrance,Perth,Lanark County,Eastern,Museum,Military,Military
420,Perth Museum,Perth,Lanark County,Eastern,Museum,Local history,Includes four 19th century period rooms of the Roderick Matheson House
421,Petawawa Research Forest Visitor Centre,Petawawa,Renfrew County,Eastern,Museum,Forestry,"forestry and natural history exhibits, demonstration forest"
422,Petawawa Heritage Village,Petawawa,Renfrew County,Eastern,Museum,Living,mid-19th century rural Ontario village
423,Peterborough Lift Lock,Peterborough,Peterborough County,Central,Museum,Transportation,Construction and workings of the Trent Canal
424,Peterborough Museum & Archives,Peterborough,Peterborough County,Central,Museum,Local History,Focus is local history to the Peterborough area
425,Petroglyphs Provincial Park,Woodview,Peterborough County,Central,Museum,First Nations,History and spiritual significance of the park's petroglyphs
426,Petrolia Discovery,Petrolia,Lambton County,Southwestern,Museum,Industry,early days of the boom of the petroleum industry
427,Pickering Museum Village,Pickering,Durham Region,Central,Museum,Open air,19th century village
428,Pinhey's Point Historic Site,Dunrobin,Ottawa,Eastern,Museum,Historic house,19th century estate home and park
429,Polar Bear Habitat and Heritage Village,Cochrane,Cochrane District,Northeastern,Museum,Open air,"includes the Hunta Museum with period business displays and antiques, the Cochrane Classic Riders Snowmobile Museum, a blacksmith shop, doctor's office, farm house, general store, service station, schoolhouse, farm implement dealer and more"
430,Port Burwell Marine Museum and Historic Lighthouse,Port Burwell,Elgin County,Southwestern,Museum,Maritime,"Lighthouse, area maritime and shipbuilding history"
431,Port Colborne Historical & Marine Museum,Port Colborne,Niagara Region,Golden Horseshoe,Museum,Open air,"includes historic houses, blacksmith shop, a lighthouse with maritime exhibits, historic vehicles, two mid-19th century log houses"
432,Port Dover Harbour Museum,Port Dover,Norfolk County,Southwestern,Museum,Maritime,"local fishing industry, shipping, sailing, shipwrecks and maritime heritage"
433,Presqu'ile Provincial Park,Brighton,Northumberland,Central,Museum,Maritime,Includes the Lighthouse Interpretive Centre and a nature center
434,Prince Township Museum,Prince,Algoma District,Northeastern,Museum,Local history,Local history
435,Princess of Wales' Own Regiment Museum,Kingston,Frontenac County,Eastern,Museum,Military,"history and artifacts of The Princess of Wales' Own Regiment, located in the armoury"
436,Princeton District Museum,Princeton,Oxford County,Southwestern,Museum,Local history,local history and art exhibits
437,Proctor House Museum,Brighton,Northumberland,Central,Museum,Historic house,Historic house
438,Pump House Steam Museum,Kingston,Frontenac County,Eastern,Museum,Technology,"former water pumping station, exhibits on engines, railroads, steam launch boat, science"
439,R. Tait McKenzie Memorial Museum,Mississippi Mills,Lanark County,Eastern,Museum,Art,"Located in the Mill of Kintail Conservation Area, life and works by sculptor R. Tait McKenzie"
440,"Railcar Museum (Moosonee, Ontario)",Moosonee,Cochrane District,Northeastern,Museum,History,History
441,Rails End Gallery & Arts Centre,Haliburton,Haliburton County,Central,Museum,Art,Art
442,Railway Museum of Eastern Ontario,Smiths Falls,Lanark County,Eastern,Museum,Railway,"Historic railway station with railroad locomotives, cars, artifacts and memorabilia"
443,Rainy River District Women's Institute Museum,Emo,Rainy River District,Northwestern,Museum,Local history,local history and pioneer life
444,Rainy River Railroad Heritage Museum,Rainy River,Rainy River District,Northwestern,Museum,Railway,"exhibits displayed inside a restored railway passenger car, also features a caboose, restored steam engine and local history exhibits"
445,Raisin River Heritage Centre,St. Andrews,"Stormont, Dundas and Glengarry",Eastern,Museum,Local history,operated by the Cornwall Township Historical Society
446,Rayside-Balfour Museum,Azilda,Greater Sudbury,Northeastern,Museum,Local history,"Operated by Greater Sudbury Heritage Museums, local history, agriculture, culture"
447,Red Lake Regional Heritage Centre,Red Lake,Kenora District,Northwestern,Museum,Local history,"themes include Aboriginal history, gold mining, fur trade, immigration, art exhibits"
448,Reuben R. Sallows Gallery,Goderich,Huron,Southwestern,Museum,Art,changing exhibits of early 20th century photographs
449,Richmond Hill Heritage Centre,Richmond Hill,York Region,Central,Museum,Local history,Exhibits in an 1840s period cottage
450,Rideau Canal Visitor Centre,Smiths Falls,Lanark County,Eastern,Museum,Transportation,canal history and heritage
451,Rideau District Museum,Westport,Leeds and Grenville,Eastern,Museum,Local history,Local history
452,Rideau Hall,Ottawa,Ottawa,Eastern,Museum,Historic house,Tours of the official residence of the Governor General of Canada
453,Ridge House Museum,Ridgetown,Chatham-Kent,Southwestern,Museum,Historic house,1875 period historic house
454,Ripley's Believe It or Not!,Niagara Falls,Niagara Region,Golden Horseshoe,Museum,Amusement,Amusement
455,RiverBrink Art Museum,Queenston,Niagara Region,Golden Horseshoe,Museum,Art,"Historic house with 18th- and 19th-century Canadian paintings, sculpture and decorative art"
456,Riverview Miniature Village,Peterborough,Peterborough County,Central,Museum,Commodity,display of miniature buildings of Peterborough and the Kawartha area
457,Robert Langen Art Gallery,Waterloo,Waterloo Region,Golden Horseshoe,Museum,Art,"operated by the Wilfrid Laurier University, focus is contemporary Canadian art"
458,Robert McLaughlin Gallery,Oshawa,Durham Region,Central,Museum,Art,Focus is modern and contemporary Canadian art
459,Rock Legends Wax Museum,Niagara Falls,Niagara Region,Golden Horseshoe,Museum,Wax,Wax
460,Rodman Hall Art Centre,St. Catharines,Niagara Region,Golden Horseshoe,Museum,Art,part of Brock University
461,Ron Morel Memorial Museum,Kapuskasing,Cochrane District,Northeastern,Museum,Railroad,"includes a steam locomotive, two passenger cars and a caboose, railroad artifacts and model railroad display, also local history exhibits"
462,Ronathahon:ni Cultural Centre,Akwesasne,"Stormont, Dundas and Glengarry",Eastern,Museum,First Nations,"formerly known as North American Traveling College, culture and history of the Mohawk Nation"
463,Rose House Museum,Waupoos,Prince Edward County,Central,Museum,Historic house,early 19th-century house with furnishings from 5 generations
464,Ross Museum,Whitewater Region,Renfrew County,Eastern,Museum,History,"includes period room and business displays, household items, farming tools, logging equipment"
465,Rotunda Gallery,Kitchener,Waterloo Region,Golden Horseshoe,Museum,Art,municipal art gallery located in Kitchener City Hall
466,Royal Botanical Gardens,Burlington,Halton Region,Golden Horseshoe,Museum,Natural history,"Features exhibits about plants, nature and science"
467,Royal Canadian Legion Branch 72 Museum,Pembroke,Renfrew County,Eastern,Museum,Military,"open by request and for special events, local branch of the Royal Canadian Legion"
468,Royal Canadian Regiment Museum,London,Middlesex County,Southwestern,Museum,Military,Regimental history and artifacts
469,Royal Hamilton Light Infantry Heritage Museum,Hamilton,Hamilton,Golden Horseshoe,Museum,Military,"Regimental history, open by appointment"
470,Royal Military College of Canada Museum,Kingston,Frontenac County,Eastern,Museum,Military,"Located in Fort Frederick, history of the college and the naval history of the site"
471,Rydal Bank Community Hall and Church,Plummer Additional,Algoma District,Northeastern,Museum,Local history,Local history
472,Ruthven Park National Historic Site,Cayuga,Haldimand County,Golden Horseshoe,Museum,Historic house,19th-century mansion estate
473,Sainte-Marie among the Hurons,Midland,Simcoe County,Central,Museum,Living,Recreated 17th-century French Jesuit mission headquarters and Wendat Huron inhabitants
474,Sarah Jane Williams Heritage Centre,Bowmanville,Durham Region,Central,Museum,Local history,"operated by the Clarington Museums, features exhibits about Dominion Organ and Piano Company, a large doll and toy collection, and changing history exhibits"
475,Sault Ste. Marie Museum,Sault Ste. Marie,Algoma District,Northeastern,Museum,Local history,Local history
476,Sault Ste. Marie Canal National Historic Site,Sault Ste. Marie,Algoma District,Northeastern,Museum,Transport,"Visitor center, guided tours of the canal locks"
477,School House Museum,Deep River,Renfrew County,Eastern,Museum,Local history,history of Laurentian Hills
478,School On Wheels Railcar Museum,Clinton,Huron,Southwestern,Museum,Education,historic school car that traveled the region to bring education to children
479,Science North,Sudbury,Greater Sudbury,Northeastern,Museum,Science,Science
480,Scugog Shores Heritage Center and Archives,Port Perry,Durham Region,Central,Museum,Multiple,"local First Nations history and local history, changing exhibits of local history, art, culture"
481,Scugog Shores Museum,Port Perry,Durham Region,Central,Museum,Open air,"mid-to-late 19th century village, Ojibway Heritage Interpretive Lands about the natural and cultural history of the Scugog Watershed prior to European settlement,"
482,Secrets of Radar Museum,London,Middlesex County,Southwestern,Museum,Military,"Story of the more than 6,000 Canadian World War II veterans who were recruited into a top-secret project during World War II involving radar"
483,Serbian Centre of Windsor,Windsor,Essex County,Southwestern,Museum,Ethnic,display of Serbian culture and history
484,Sharon Temple National Historic Site,Sharon,York Region,Golden Horseshoe,Museum,Open air,"Story of the Children of Peace and the early settlers of East Gwillimbury; features the Sharon Temple (1825-1832), the Doan House (1819), David Willson's Study (1829), an 1850s Log House and other buildings on 4.5 acres of park land; operated by the Sharon Temple Museum Society"
485,Sheffield Park Black History & Cultural Museum,Clarksburg,Grey County,Southwestern,Museum,History,early Black pioneer families
486,Shenkman Arts Centre,Ottawa,Ottawa,Eastern,Museum,Art,"includes the Trinity Art Gallery with works of local and regional artists, the Dust Evans Gallery of the Gloucester Pottery School, and the Ottawa School of Art Orléans Campus Gallery"
487,Sibbald Point Provincial Park,Sutton,York Region,Central,Museum,Local history,"Features the Sibbald Memorial Museum, a historic house and local history museum"
488,Sifton-Cook Heritage Centre,Cobourg,Northumberland County,Eastern,Museum,"Local history, Historic Bldg.",Cobourg history told in annually changing exhibits and outdoor model railway - Victoria Day weekend to Thanksgiving
489,Simcoe County Museum,Minesing,Simcoe County,Central,Museum,Local history,"local history and culture, church, schoolhouse, railway station, farm equipment"
490,Sioux Lookout Museum,Sioux Lookout,Kenora District,Northwestern,Museum,Local history,located on the second floor of the Sioux Lookout Heritage Railway Station
491,Sir John Johnson Manor House,Williamstown,"Stormont, Dundas and Glengarry",Eastern,Museum,Historic house,"late 18th century home of Sir John Johnson, 2nd Baronet"
492,Ska-Nah-Doht Village and Museum,Mount Brydges,Middlesex County,Southwestern,Museum,First Nations,"recreated longhouse village of 1,000 years ago and museum with archaeological artifacts"
493,Sky Harbour Gallery,Goderich,Huron,Southwestern,Museum,Aviation,"located at Goderich Airport, airport history in WW II, county aviation history"
494,Society for the Preservation of Canada's Nuclear Heritage,Deep River,Renfrew County,Eastern,Museum,Nuclear Science and Technology,"Canadian nuclear history from Ernest Rutherford to the present, including: research and development; CANDU; medical and isotope applications; mining; radioactive waste management; and accelerators amongst others."
495,Sombra Museum Cultural Centre,Sombra,Lambton County,Southwestern,Museum,Local history,includes Victorian period home and log cabin
496,South Grey Museum,Flesherton,Grey County,Southwestern,Museum,Local history,Local history
497,South of 60 Arts' Centre,Barry's Bay,Renfrew County,Eastern,Museum,Art,Art
498,Southwestern Ontario Heritage Village,Essex,Essex County,Southwestern,Museum,Open air,"19th-century and early 20th-century buildings including log cabins, a general store, barber/cobbler shop, church, school, and a transportation museum with antique and classic cars, wagons, trucks, motorcycles, and other memorabilia"
499,Sovereign House,Bronte,Halton Region,Golden Horseshoe,Museum,Historic house,"operated by the Bronte Historical Society, 19th century period house"
500,Spencerville Mill,Spencerville,Leeds and Grenville,Eastern,Museum,Mill,stone grist mill
501,Spruce Lane Farmhouse,Oakville,Halton Region,Golden Horseshoe,Museum,Historic house,"turn-of-the-20th-century farmhouse with costumed interpreters, located in Bronte Creek Provincial Park, which also includes a nature centre and children's farm"
502,St. Catharines Museum,St. Catharines,Niagara Region,Golden Horseshoe,Museum,Multiple,"city's history, history and impact of the Welland Canal, Ontario Lacrosse Hall of Fame and Museum, the Underground Railroad and African Canadian heritage"
503,St. Edwards Township Museum,Tobermory,Bruce County,Southwestern,Museum,History,"local and maritime history, also late 19th century log house open by request"
504,St. Jacobs Mill,St. Jacobs,Waterloo Region,Golden Horseshoe,Museum,Multiple,"includes the Maple Syrup Museum, St. Jacobs Quilt Gallery, electricity exhibit, Home Hardware exhibit, model train exhibit"
505,St. Joseph Island Museum,St. Joseph Island,Algoma District,Northeastern,Museum,Open air,"complex includes a log cabin, church, school, barn, store"
506,St. Joseph Museum,Zurich,Huron,Southwestern,Museum,Local history,operated by the St. Joseph Historical Society
507,St. Marys Museum,St. Marys,Perth County,Southwestern,Museum,Local history,Local history
508,St. Thomas-Elgin Public Art Centre,St. Thomas,Elgin County,Southwestern,Museum,Art,Art
509,Stanhope Heritage Discovery Museum,Stanhope,Haliburton County,Central,Museum,Local history,includes log chute
510,Stephen Leacock Museum,Orillia,Simcoe County,Central,Museum,Historic house,"summer home of author and humorist Stephen Leacock, includes exhibits on his life and writings, and a gallery of Canadian writers and art"
511,Stonechurch Museum of Art,Quinte West,Hastings County,Central,Museum,Art,works by Dennis Noble
512,Stones 'n Bones Museum,Sarnia,Lambton County,Southwestern,Museum,Natural history,"fossils, minerals, gemstones, artifacts, shells, butterflies, insects, antlers, horns, dinosaurs"
513,Stratford Perth Museum,Stratford,Perth County,Southwestern,Museum,Local history,Local history
514,Sturgeon River House Museum,Sturgeon Falls,Nipissing District,Northeastern,Museum,Local history,"Includes fur trading, pioneers, blacksmith shop and ice house"
515,Swords and Ploughshares Museum,Kars,Ottawa,Eastern,Museum,Military,"Focus is the Citizen Soldier (the Militiaman and Reservist) at peace and at war, features many military trucks and vehicles"
516,Sudbury Region Police Museum,Sudbury,Greater Sudbury,Northeastern,Museum,Law enforcement,Law enforcement
517,Teeterville Pioneer Museum,Teeterville,Norfolk County,Southwestern,Museum,History,"complex includes a log house, smoke house, wayside church, drive barn and early Windham and area artifacts"
518,Thames Art Gallery,Chatham-Kent,Chatham-Kent,Southwestern,Museum,Art,Art
519,Thames Valley Museum School,Norwich,Oxford,Southwestern,Museum,Education,early 20th century rural schoolhouse
520,Thamesville Old Town Hall Museum,Thamesville,Chatham-Kent,Southwestern,Museum,Local history,Local history
521,Thelma Miles Historical Museum,Matheson,Cochrane District,Northeastern,Museum,Local history,Local history
522,THEMUSEUM,Kitchener,Waterloo Region,Golden Horseshoe,Museum,Multiple,"Formerly the Waterloo Regional Children's Museum, interactive exhibits for children, changing exhibits of culture, art, history, science"
523,"Thomas House (Oakville, Ontario)",Oakville,Halton Region,Golden Horseshoe,Museum,Historic house,"1830-1840s period pioneer home, operated by the Oakville Historical Society"
524,Thorold & Beaverdams Historical Society Museum,Thorold,Niagara Region,Golden Horseshoe,Museum,Local history,Local history
525,Thunder Bay Art Gallery,Thunder Bay,Thunder Bay District,Northwestern,Museum,Art,Contemporary First Nations art
526,Thunder Bay Historical Museum,Thunder Bay,Thunder Bay District,Northwestern,Museum,Local history,Local history
527,Thunder Bay Military Museum,Thunder Bay,Thunder Bay District,Northwestern,Museum,Military,"area's military history, includes regimental memorabilia of The Lake Superior Scottish Regiment"
528,Timber Village Museum,Blind River,Algoma District,Northeastern,Museum,Forestry,"lumbering and logging tools, artifacts and equipment"
529,Timmins Museum: National Exhibition Centre,Timmins,Cochrane District,Northeastern,Museum,Multiple,"local history and art, recreated 1930's miner's home"
530,Timmins Underground Gold Mine Tour,Timmins,Cochrane District,Northeastern,Museum,Mining,tour and artifacts
531,Tom Thomson Art Gallery,Owen Sound,Grey County,Southwestern,Museum,Art,features a large collection of memorabilia and works from Tom Thomson and the Group of Seven
532,Treasure Chest Museum,Paisley,Bruce County,Southwestern,Museum,History,"antiques and collectibles, tools, household items, lamps, machinery, glassware, crockery, furniture"
533,Tree Museum,Gravenhurst,Muskoka,Central,Museum,Art,outdoor sculpture gallery
534,True North Gallery,Waterdown,Wentworth County,Southern,Museum,Art,"[1], features original art and limited edition prints by artist-musicians including David Bowie, Buffy Sainte-Marie, and many others. Located in and operated by the owners of True North Records"
535,Tweed and Area Heritage Centre,Tweed,Hastings County,Central,Museum,Local history,Local history
536,Uncle Tom's Cabin Historic Site,Dresden,Chatham-Kent,Southwestern,Museum,Open air,"Complex includes home of Josiah Henson, former U.S. slave whose life story was the inspiration for the novel Uncle Tom's Cabin"
537,Union Gallery,Kingston,Frontenac County,Eastern,Museum,Art,"part of Queen's University, contemporary art"
538,United Empire Loyalist Heritage Centre,Adolphustown,Lennox and Addington County,Eastern,Museum,History,history of the United Empire Loyalists settlers in the late 18th century
539,University of Waterloo Art Galleries,Waterloo,Waterloo Region,Golden Horseshoe,Museum,Art,part of the University of Waterloo
540,Upper Canada Village,Morrisburg,"Stormont, Dundas and Glengarry",Eastern,Museum,Living,1860s period village with over 40 buildings
541,Uxbridge Historical Centre,Uxbridge,Durham Region,Central,Museum,Local history,Local history
542,Vankleek Hill Museum,Vankleek Hill,Prescott and Russell,Eastern,Museum,Local history,operated by the Vankleek Hill & District Historical Society
543,Visual Arts Centre of Clarington,Bowmanville,Durham Region,Central,Museum,Art,Art
544,Waba Cottage Museum and Gardens,White Lake,Renfrew County,Eastern,Museum,Historic house,also historic log church and log schoolhouse
545,Wallaceburg and District Museum,Wallaceburg,Chatham-Kent,Southwestern,Museum,Local history,Local history
546,Waterford Heritage & Agricultural Museum,Waterford,Norfolk County,Southwestern,Museum,Local history,social history of Waterford and Old Townsend as well as Norfolk County agriculture
547,Waterloo County Gaol and Governor's House,Kitchener,Waterloo Region,Golden Horseshoe,Museum,Historic site,former jail and governor's house with historic and archaeological exhibits in the lobby
548,Waterloo Region Museum,Kitchener,Waterloo Region,Golden Horseshoe,Museum,Local history,"Regional history and culture including First Nation's peoples, European settlement, manufacturing heyday, high tech sector, entrance to Doon Heritage Village"
549,Watson's Mill,Manotick,Ottawa,Eastern,Museum,Mill,19th century flour grist mill
550,Welland Historical Museum,Welland,Niagara Region,Golden Horseshoe,Museum,Local history,located in a former Carnie library
551,Wellands Canal Centre,St. Catharines,Niagara Region,Golden Horseshoe,Museum,Transportation,"construction, engineering, operations and impact of the Welland Canal"
552,Wellington County Museum and Archives,Fergus,Wellington County,Southwestern,Museum,Multiple,"local history, decorative arts and art"
553,Wellington Heritage Museum,Wellington,Prince Edward County,Central,Museum,Local history,Local history
554,West Parry Sound District Museum,Parry Sound,Parry Sound District,Northeastern,Museum,Local history,"also known as Museum on Tower Hill, local history, themes include trapping, First Nations, shipping, logging, agriculture and cottaging, features a fire tower to climb"
555,Westfield Heritage Village,Rockton,Hamilton,Golden Horseshoe,Museum,Open air,Over 30 historic buildings on a 3.4 square kilometres (840 acres) site
556,Whitchurch-Stouffville Museum,Vandorf,York Region,Central,Museum,History,"complex includes an 1880s period farmhouse, 19th century schoolhouse, log cabin, and local history museum"
557,White Water Gallery,North Bay,Nipissing District,Northeastern,Museum,Art,contemporary visual art
558,Whitehern Historic House and Garden,Hamilton,Hamilton,Golden Horseshoe,Museum,Historic house,"mid-19th century urban estate with elements from the Georgian, Victorian and Edwardian periods"
559,Wilberforce Red Cross Outpost & Historic House,Wilberforce,Haliburton County,Central,Museum,Medical,site of the first Red Cross Outpost Hospital in Ontario
560,Willoughby Historical Museum,Niagara Falls,Niagara Region,Golden Horseshoe,Museum,Local history,history of the community of Willoughby
561,Wilno Heritage Park,Wilno,Renfrew County,Eastern,Museum,Ethnic,"include the Polish Kashub Heritage Museum & Skansen, Kashubian and Polish heritage"
562,Wilson MacDonald Memorial School Museum,Selkirk,Haldimand County,Golden Horseshoe,Museum,Education,"1925 period one room schoolhouse, exhibits about poet Wilson MacDonald"
563,Windsor's Community Museum,Windsor,Essex County,Southwestern,Museum,Local history,Local history
564,Windsor Wood Carving Museum,Windsor,Essex County,Southwestern,Museum,Art,carved wood art
565,Woodchester Villa,Bracebridge,Muskoka,Central,Museum,Historic house,Late 19th century octagon house with local history exhibits
566,Woodland Cultural Centre,Brantford,County of Brant,Golden Horseshoe,Museum,First Nations,"history, culture and art of the Anishinaabe and Onkwehon:we"
567,Woodside National Historic Site,Kitchener,Waterloo Region,Golden Horseshoe,Museum,Historic house,1890s Victorian childhood home of Prime Minister William Lyon Mackenzie King
568,Woodstock Art Gallery,Woodstock,Oxford,Southwestern,Museum,History,changing exhibits and permanent display of works by Florence Carlyle
569,Woodstock Museum,Woodstock,Oxford,Southwestern,Museum,Local history,Local history
570,Woodstock Peace Lighthouse,Woodstock,Oxford,Southwestern,Museum,Religious,"Christian icon art, operated by the Studite Fathers"
571,Workers Arts & Heritage Centre,Hamilton,Hamilton,Golden Horseshoe,Museum,Multiple,"art, culture and heritage of working people in Canada"
572,Workers' History Museum,Ottawa,Ottawa,Eastern,Museum,History,"workers’ history and heritage, changes surrounding working culture, working people, and the workplace in all sectors of the economy in the National Capital Region and Ottawa Valley"
573,Youngtown Rock N Roll Museum,Omemee,Kawartha Lakes,Central,Museum,Music,"celebration of music from the '50s, '60s and '70s, with large collection of Neil Young and Beatles memorabilia"
